{"type": "metrics", "dataset": "train", "precision": 0.9869316634903349, "balanced_accuracy": 0.8819607472048057, "recall": 0.7668711656441718, "f1_score": 0.8630952380952381}
{"type": "metrics", "dataset": "test", "precision": 0.6612349914236707, "balanced_accuracy": 0.6740859805097528, "recall": 0.4038763750654793, "f1_score": 0.5014634146341463}
{"type": "cm_matrix", "dataset": "train", "true_0": {"predicted_0": 16225, "predicted_1": 48}, "true_1": {"predicted_0": 1102, "predicted_1": 3625}}
{"type": "cm_matrix", "dataset": "test", "true_0": {"predicted_0": 6696, "predicted_1": 395}, "true_1": {"predicted_0": 1138, "predicted_1": 771}}
